timestamp,season,driver,lap_number,position,interval_gap,flag_status,incident_message,lap_time,push_signal,tyre_compound,stint_lap_count,tyre_wear_pct,tyre_temp_C,engine_power_pct,throttle_pct,speed_kph,drs_status,weather_condition,rainfall_mm,air_temperature_C,fuel_load_kg
2022-10-23T14:00:00.661000,2022,HAM,1,3,5.286,Green,,101.644,MAINTAIN,Medium,1,1.17,69.0,85.68,85.02,240.8,Inactive,Clear,0.0,34.9,107.43
2022-10-23T14:01:38.228000,2022,HAM,2,3,6.41,Green,,98.075,PUSH,Medium,2,2.56,83.0,85.99,79.33,247.1,Inactive,Clear,0.0,31.3,105.54
2022-10-23T14:03:13.079000,2022,HAM,3,3,5.328,Green,,96.251,PUSH,Medium,3,4.42,86.4,88.7,86.41,233.9,Inactive,Clear,0.0,31.7,103.65
2022-10-23T14:04:51.154000,2022,HAM,4,3,6.504,Green,,97.604,MAINTAIN,Medium,4,6.82,94.7,85.97,82.37,254.8,Inactive,Clear,0.0,31.9,101.96
2022-10-23T14:06:28.667000,2022,HAM,5,3,5.88,Green,,96.414,PUSH,Medium,5,9.7,92.5,83.78,81.17,232.8,Inactive,Clear,0.0,31.0,100.07
2022-10-23T14:08:05.133000,2022,HAM,6,3,5.633,Green,,97.566,MAINTAIN,Medium,6,13.83,90.3,82.39,81.59,236.0,Inactive,Clear,0.0,35.9,98.35
2022-10-23T14:09:40.768000,2022,HAM,7,3,5.378,Green,,96.753,PUSH,Medium,7,18.56,89.2,83.58,85.16,230.0,Inactive,Clear,0.0,34.9,96.58
2022-10-23T14:11:16.119000,2022,HAM,8,3,3.856,Green,,97.819,MAINTAIN,Medium,8,23.81,89.2,81.46,78.36,230.2,Inactive,Clear,0.0,33.6,94.88
2022-10-23T14:12:53.619000,2022,HAM,9,3,6.031,Green,,98.573,MAINTAIN,Medium,9,29.8,94.0,81.69,80.54,234.4,Inactive,Clear,0.0,33.6,93.08
2022-10-23T14:14:30.206000,2022,HAM,10,3,7.527,Green,,97.762,PUSH,Medium,10,36.26,93.1,79.14,82.13,210.8,Inactive,Clear,0.0,32.5,91.36
2022-10-23T14:16:08.036000,2022,HAM,11,3,8.464,Green,,98.867,MAINTAIN,Medium,11,43.91,91.1,78.89,80.15,205.3,Inactive,Clear,0.0,34.0,89.53
2022-10-23T14:17:42.201000,2022,HAM,12,3,7.544,Green,,98.634,MAINTAIN,Medium,12,52.74,87.4,74.61,72.67,207.6,Inactive,Clear,0.0,35.2,87.83
2022-10-23T14:19:18.306000,2022,HAM,13,3,9.308,Green,,99.694,MAINTAIN,Medium,13,61.76,89.0,75.94,73.21,196.0,Inactive,Clear,0.0,33.3,86.14
2022-10-23T14:20:55.134000,2022,HAM,14,3,8.727,Green,,100.167,CONSERVE,Medium,14,72.05,96.0,73.18,70.19,177.6,Inactive,Clear,0.0,34.5,84.29
2022-10-23T14:22:32.429000,2022,HAM,15,4,7.732,Green,,128.722,MAINTAIN,Hard,0,0.0,55.0,88.57,86.0,245.8,Inactive,Clear,0.0,36.0,82.6
2022-10-23T14:24:10.949000,2022,HAM,16,4,7.25,Green,,102.267,PUSH,Hard,1,0.98,69.0,87.13,85.06,225.3,Inactive,Clear,0.0,36.4,80.79
2022-10-23T14:25:45.066000,2022,HAM,17,4,7.975,Green,,101.099,PUSH,Hard,2,2.24,83.0,84.64,84.39,226.2,Inactive,Clear,0.0,35.4,78.96
2022-10-23T14:27:21.643000,2022,HAM,18,4,8.568,Green,,97.968,PUSH,Hard,3,3.89,92.0,84.05,84.18,241.0,Inactive,Clear,0.0,35.3,77.21
2022-10-23T14:28:59.169000,2022,HAM,19,4,8.897,Green,,96.732,PUSH,Hard,4,5.86,89.2,85.35,85.12,242.7,Inactive,Clear,0.0,33.7,75.51
2022-10-23T14:30:36.511000,2022,HAM,20,4,7.732,Green,,96.311,MAINTAIN,Hard,5,8.05,88.7,83.41,81.89,238.0,Inactive,Clear,0.0,31.4,73.69
2022-10-23T14:32:12.076000,2022,HAM,21,4,8.381,Green,,96.53,MAINTAIN,Hard,6,10.8,88.4,85.74,88.77,250.1,Inactive,Clear,0.0,32.3,71.82
2022-10-23T14:33:49.117000,2022,HAM,22,4,8.377,Green,,95.939,PUSH,Hard,7,13.81,86.9,83.26,80.77,226.9,Inactive,Clear,0.0,31.0,69.94
2022-10-23T14:35:24.603000,2022,HAM,23,4,7.783,Green,,97.251,MAINTAIN,Hard,8,18.05,89.3,84.0,87.67,230.6,Inactive,Clear,0.0,35.1,68.05
2022-10-23T14:37:01.127000,2022,HAM,24,4,8.709,Green,,97.401,MAINTAIN,Hard,9,22.92,84.6,82.73,81.82,218.5,Inactive,Clear,0.0,35.3,66.34
2022-10-23T14:38:37.902000,2022,HAM,25,4,6.911,Green,,97.654,MAINTAIN,Hard,10,27.77,88.5,82.67,81.07,216.2,Inactive,Clear,0.0,32.9,64.47
2022-10-23T14:40:14.161000,2022,HAM,26,4,8.944,Green,,97.426,MAINTAIN,Hard,11,34.16,91.1,78.28,76.44,209.6,Inactive,Clear,0.0,36.4,62.65
2022-10-23T14:41:49.309000,2022,HAM,27,4,9.255,Green,,97.625,MAINTAIN,Hard,12,39.59,87.6,78.5,74.76,209.7,Inactive,Cloudy,0.0,31.5,60.94
2022-10-23T14:43:25.928000,2022,HAM,28,4,8.366,Green,,97.749,MAINTAIN,Hard,13,44.24,88.5,76.81,76.15,204.0,Inactive,Cloudy,0.0,28.1,59.13
2022-10-23T14:45:04.846000,2022,HAM,29,4,11.123,Green,,97.678,MAINTAIN,Hard,14,50.83,85.6,75.61,76.51,186.1,Inactive,Cloudy,0.0,32.1,57.44
2022-10-23T14:46:41.812000,2022,HAM,30,4,12.423,Green,,98.105,MAINTAIN,Hard,15,57.03,85.1,75.58,77.13,193.9,Inactive,Cloudy,0.0,30.2,55.6
2022-10-23T14:48:17.940000,2022,HAM,31,4,11.435,Green,,98.414,MAINTAIN,Hard,16,62.65,85.7,73.24,73.17,193.2,Inactive,Cloudy,0.0,28.2,53.83
2022-10-23T14:49:52.068000,2022,HAM,32,4,13.443,Green,,98.596,MAINTAIN,Hard,17,69.2,80.2,72.48,74.64,169.2,Inactive,Cloudy,0.0,29.5,52.09
2022-10-23T14:51:30.852000,2022,HAM,33,6,15.542,Green,,124.491,MAINTAIN,Medium,0,0.0,55.0,85.91,86.41,241.4,Inactive,Cloudy,0.0,29.6,50.37
2022-10-23T14:53:06.759000,2022,HAM,34,6,14.083,Green,,98.106,PUSH,Medium,1,0.51,69.0,87.15,87.69,244.5,Inactive,Cloudy,0.0,31.9,48.63
2022-10-23T14:54:44.023000,2022,HAM,35,6,14.894,Green,,96.605,PUSH,Medium,2,1.08,83.0,84.34,82.81,243.2,Inactive,Cloudy,0.0,29.7,46.94
2022-10-23T14:56:19.849000,2022,HAM,36,6,12.723,Green,,94.587,PUSH,Medium,3,1.77,94.4,86.47,86.64,246.9,Inactive,Cloudy,0.0,28.9,45.12
2022-10-23T14:57:55.302000,2022,HAM,37,6,13.127,Green,,95.101,MAINTAIN,Medium,4,2.7,92.4,87.57,92.58,251.2,Inactive,Cloudy,0.0,30.0,43.43
2022-10-23T14:59:33.029000,2022,HAM,38,6,12.783,Green,,94.356,PUSH,Medium,5,4.17,91.7,86.74,88.8,251.6,Inactive,Cloudy,0.0,33.0,41.59
2022-10-23T15:01:08.585000,2022,HAM,39,6,12.915,Green,,94.388,MAINTAIN,Medium,6,5.79,90.1,85.58,83.41,249.5,Inactive,Cloudy,0.0,32.1,39.76
2022-10-23T15:02:43.702000,2022,HAM,40,6,13.315,Green,,94.397,MAINTAIN,Medium,7,7.24,93.6,86.53,82.11,248.5,Inactive,Cloudy,0.0,29.5,37.88
2022-10-23T15:04:23.068000,2022,HAM,41,6,14.208,Green,,94.184,MAINTAIN,Medium,8,9.61,93.9,84.81,82.75,243.3,Inactive,Cloudy,0.0,33.4,36.07
2022-10-23T15:05:58.313000,2022,HAM,42,6,12.884,Green,,94.779,MAINTAIN,Medium,9,12.21,96.7,84.3,82.62,233.0,Inactive,Cloudy,0.0,33.2,34.18
2022-10-23T15:07:35.383000,2022,HAM,43,6,14.576,Green,,94.616,MAINTAIN,Medium,10,14.07,92.4,83.48,85.3,242.6,Inactive,Cloudy,0.0,29.3,32.32
2022-10-23T15:09:11.878000,2022,HAM,44,6,14.765,Green,,93.969,PUSH,Medium,11,16.97,90.9,82.64,87.36,240.8,Inactive,Cloudy,0.0,32.5,30.58
2022-10-23T15:10:47.763000,2022,HAM,45,6,13.324,Green,,94.911,MAINTAIN,Medium,12,20.5,90.5,84.13,82.31,228.1,Inactive,Cloudy,0.0,33.8,28.74
2022-10-23T15:12:25.317000,2022,HAM,46,6,12.306,Green,,95.399,MAINTAIN,Medium,13,23.83,90.3,81.88,82.49,228.9,Inactive,Cloudy,0.0,32.6,26.9
2022-10-23T15:14:00.245000,2022,HAM,47,6,15.791,Green,,95.668,MAINTAIN,Medium,14,26.32,89.3,80.53,83.49,223.8,Inactive,Cloudy,0.0,30.1,25.12
2022-10-23T15:15:38.206000,2022,HAM,48,6,14.51,Green,,95.19,PUSH,Medium,15,29.59,94.1,79.97,81.47,228.8,Inactive,Cloudy,0.0,31.7,23.39
2022-10-23T15:17:12.692000,2022,HAM,49,6,15.682,Green,,96.433,CONSERVE,Medium,16,33.55,88.6,80.18,78.39,227.0,Inactive,Cloudy,0.0,32.9,21.58
2022-10-23T15:18:51.118000,2022,HAM,50,6,15.141,Green,,95.069,PUSH,Medium,17,35.11,93.7,81.53,87.17,218.9,Inactive,Cloudy,0.0,28.2,19.85
2022-10-23T15:20:27.604000,2022,HAM,51,6,15.992,Green,,96.114,CONSERVE,Medium,18,38.91,92.9,78.41,79.4,217.2,Inactive,Cloudy,0.0,32.3,17.99
2022-10-23T15:22:04.046000,2022,HAM,52,6,13.441,Green,,96.097,CONSERVE,Medium,19,42.71,95.0,77.96,76.38,206.1,Inactive,Cloudy,0.0,32.3,16.23
2022-10-23T15:23:38.878000,2022,HAM,53,6,16.417,Green,,96.073,CONSERVE,Medium,20,43.84,95.8,77.97,79.87,214.6,Inactive,Cloudy,0.0,28.2,14.38
2022-10-23T15:25:17.587000,2022,HAM,54,6,16.382,Green,,96.019,CONSERVE,Medium,21,46.74,83.9,76.95,74.38,211.6,Inactive,Cloudy,0.0,31.1,12.53
2022-10-23T15:26:54.357000,2022,HAM,55,6,16.544,Green,,96.025,CONSERVE,Medium,22,49.86,94.7,75.24,78.17,209.4,Inactive,Cloudy,0.0,31.6,10.85
2022-10-23T15:28:30.537000,2022,HAM,56,6,17.421,Green,,94.941,PUSH,Medium,23,50.14,91.2,76.29,74.44,211.4,Inactive,Cloudy,0.0,28.2,9.07
2022-10-23T14:00:01.165000,2022,RUS,1,5,11.923,Green,,99.534,MAINTAIN,Soft,1,1.04,69.0,85.5,82.63,243.3,Inactive,Clear,0.0,31.3,106.25
2022-10-23T14:01:36.672000,2022,RUS,2,5,12.893,Green,,97.202,PUSH,Soft,2,2.54,89.6,85.94,83.94,259.7,Inactive,Clear,0.0,33.2,104.45
2022-10-23T14:03:15.321000,2022,RUS,3,5,11.309,Green,,96.625,PUSH,Soft,3,4.68,86.5,86.17,82.69,247.0,Inactive,Clear,0.0,35.1,102.74
2022-10-23T14:04:50.467000,2022,RUS,4,5,9.486,Green,,97.288,MAINTAIN,Soft,4,7.13,96.4,85.84,89.01,225.4,Inactive,Clear,0.0,31.6,101.04
2022-10-23T14:06:27.218000,2022,RUS,5,5,10.887,Green,,98.129,MAINTAIN,Soft,5,10.53,94.9,84.38,80.57,246.6,Inactive,Clear,0.0,34.7,99.33
2022-10-23T14:08:04.277000,2022,RUS,6,5,9.891,Green,,97.601,PUSH,Soft,6,14.86,94.1,82.64,85.32,236.1,Inactive,Clear,0.0,36.2,97.44
2022-10-23T14:09:39.129000,2022,RUS,7,5,11.375,Green,,98.335,MAINTAIN,Soft,7,19.86,89.8,81.35,83.92,238.1,Inactive,Clear,0.0,35.4,95.64
2022-10-23T14:11:17.241000,2022,RUS,8,5,12.425,Green,,97.59,PUSH,Soft,8,25.7,92.1,81.88,79.38,233.6,Inactive,Clear,0.0,35.5,93.75
2022-10-23T14:12:54.962000,2022,RUS,9,5,10.087,Green,,98.829,MAINTAIN,Soft,9,31.62,89.7,78.31,73.88,228.5,Inactive,Clear,0.0,32.3,91.96
2022-10-23T14:14:31.400000,2022,RUS,10,5,10.267,Green,,99.396,MAINTAIN,Soft,10,39.47,95.0,77.42,78.49,214.7,Inactive,Clear,0.0,36.7,90.14
2022-10-23T14:16:07.082000,2022,RUS,11,5,10.972,Green,,99.365,MAINTAIN,Soft,11,46.76,90.3,79.62,80.3,225.1,Inactive,Clear,0.0,31.8,88.3
2022-10-23T14:17:42.095000,2022,RUS,12,5,14.79,Green,,98.125,PUSH,Soft,12,54.83,94.8,75.74,77.87,201.3,Inactive,Clear,0.0,31.9,86.53
2022-10-23T14:19:21.393000,2022,RUS,13,5,15.826,Green,,99.225,MAINTAIN,Soft,13,63.5,94.4,72.08,77.05,199.3,Inactive,Clear,0.0,31.5,84.76
2022-10-23T14:20:54.816000,2022,RUS,14,7,15.624,Green,,125.022,MAINTAIN,Medium,0,0.0,55.0,85.55,86.84,254.8,Inactive,Clear,0.0,36.1,82.95
2022-10-23T14:22:34.364000,2022,RUS,15,7,18.443,Green,,99.901,PUSH,Medium,1,0.79,69.0,87.13,89.99,243.6,Inactive,Clear,0.0,31.1,81.14
2022-10-23T14:24:07.700000,2022,RUS,16,7,15.066,Green,,97.651,PUSH,Medium,2,2.07,83.0,86.95,81.47,227.0,Inactive,Clear,0.0,35.1,79.42
2022-10-23T14:25:45.682000,2022,RUS,17,7,18.126,Green,,96.026,PUSH,Medium,3,3.71,93.9,85.58,85.97,250.1,Inactive,Clear,0.0,34.2,77.61
2022-10-23T14:27:23.212000,2022,RUS,18,7,15.097,Green,,96.713,MAINTAIN,Medium,4,5.72,89.7,84.74,88.97,234.3,Inactive,Clear,0.0,33.2,75.84
2022-10-23T14:29:00.350000,2022,RUS,19,7,17.581,Green,,95.049,PUSH,Medium,5,8.11,86.6,85.08,88.0,241.9,Inactive,Clear,0.0,32.3,74.15
2022-10-23T14:30:36.908000,2022,RUS,20,7,18.132,Green,,96.759,MAINTAIN,Medium,6,10.86,93.8,85.39,82.44,230.1,Inactive,Clear,0.0,31.3,72.31
2022-10-23T14:32:11.704000,2022,RUS,21,7,15.496,Green,,97.038,MAINTAIN,Medium,7,14.22,92.7,84.24,83.88,236.8,Inactive,Clear,0.0,32.1,70.56
2022-10-23T14:33:49.470000,2022,RUS,22,7,15.76,Green,,96.37,PUSH,Medium,8,18.08,88.8,84.21,84.14,233.6,Inactive,Clear,0.0,32.0,68.78
2022-10-23T14:35:25.721000,2022,RUS,23,7,15.987,Green,,96.567,MAINTAIN,Medium,9,22.47,87.9,82.3,85.01,213.3,Inactive,Clear,0.0,32.0,66.98
2022-10-23T14:36:59.533000,2022,RUS,24,7,15.667,Green,,96.743,MAINTAIN,Medium,10,27.61,93.8,80.3,78.35,227.6,Inactive,Clear,0.0,32.9,65.24
2022-10-23T14:38:38.006000,2022,RUS,25,7,17.789,Green,,97.283,MAINTAIN,Medium,11,33.41,91.3,81.12,85.07,222.4,Inactive,Clear,0.0,33.2,63.47
2022-10-23T14:40:14.067000,2022,RUS,26,7,17.335,Green,,97.159,MAINTAIN,Medium,12,40.52,89.0,78.91,84.0,208.4,Inactive,Clear,0.0,35.4,61.64
2022-10-23T14:41:50.446000,2022,RUS,27,7,17.316,Green,,98.51,MAINTAIN,Medium,13,47.16,90.0,77.06,76.47,203.0,Inactive,Clear,0.0,32.4,59.92
2022-10-23T14:43:26.558000,2022,RUS,28,7,19.218,Green,,98.652,MAINTAIN,Medium,14,54.82,93.4,75.62,77.58,197.2,Inactive,Clear,0.0,33.6,58.11
2022-10-23T14:45:04.716000,2022,RUS,29,7,18.758,Green,,98.857,MAINTAIN,Medium,15,62.31,86.7,73.65,80.4,199.0,Inactive,Clear,0.0,32.1,56.31
2022-10-23T14:46:40.075000,2022,RUS,30,7,19.165,Green,,99.826,MAINTAIN,Medium,16,71.86,94.0,69.65,69.91,187.3,Inactive,Clear,0.0,35.2,54.5
2022-10-23T14:48:16.294000,2022,RUS,31,9,22.686,Green,,126.598,MAINTAIN,Hard,0,0.0,55.0,84.7,83.32,233.5,Inactive,Clear,0.0,33.6,52.76
2022-10-23T14:49:54.994000,2022,RUS,32,9,21.134,Green,,99.318,PUSH,Hard,1,0.59,69.0,88.85,88.28,225.1,Inactive,Clear,0.0,33.1,51.0
2022-10-23T14:51:28.545000,2022,RUS,33,9,21.585,Green,,98.581,PUSH,Hard,2,1.42,83.0,84.66,85.09,234.8,Inactive,Clear,0.0,34.0,49.28
2022-10-23T14:53:07.969000,2022,RUS,34,9,22.666,Green,,96.873,PUSH,Hard,3,2.56,92.0,86.33,86.95,230.6,Inactive,Clear,0.0,34.6,47.42
2022-10-23T14:54:41.254000,2022,RUS,35,9,21.839,Green,,94.577,PUSH,Hard,4,3.74,84.6,86.21,86.91,234.0,Inactive,Clear,0.0,31.7,45.57
2022-10-23T14:56:20.446000,2022,RUS,36,9,22.805,Green,,95.519,MAINTAIN,Hard,5,5.48,86.4,85.55,85.28,224.8,Inactive,Clear,0.0,34.3,43.81
2022-10-23T14:57:55.181000,2022,RUS,37,9,22.702,Green,,95.665,MAINTAIN,Hard,6,7.21,84.3,85.85,84.75,226.3,Inactive,Clear,0.0,31.8,42.05
2022-10-23T14:59:31.992000,2022,RUS,38,9,24.002,Green,,95.299,MAINTAIN,Hard,7,9.42,85.3,85.4,85.2,228.0,Inactive,Clear,0.0,33.0,40.22
2022-10-23T15:01:09.951000,2022,RUS,39,9,21.902,Green,,95.083,MAINTAIN,Hard,8,12.59,87.8,84.93,86.18,234.5,Inactive,Clear,0.0,36.2,38.53
2022-10-23T15:02:44.195000,2022,RUS,40,9,21.972,Green,,95.707,MAINTAIN,Hard,9,15.34,85.3,83.11,77.34,215.5,Inactive,Clear,0.0,32.7,36.7
2022-10-23T15:04:21.790000,2022,RUS,41,9,22.098,Green,,96.122,MAINTAIN,Hard,10,19.22,83.0,83.11,86.26,211.1,Inactive,Clear,0.0,35.8,34.82
2022-10-23T15:05:59.130000,2022,RUS,42,9,23.509,Green,,96.002,MAINTAIN,Hard,11,23.32,88.8,81.51,83.44,219.2,Inactive,Clear,0.0,35.3,33.02
2022-10-23T15:07:35.219000,2022,RUS,43,9,20.797,Green,,96.802,MAINTAIN,Hard,12,27.03,94.6,81.06,78.95,213.1,Inactive,Clear,0.0,33.1,31.22
2022-10-23T15:09:12.636000,2022,RUS,44,9,21.749,Green,,96.801,MAINTAIN,Hard,13,31.25,83.6,81.59,79.51,204.8,Inactive,Clear,0.0,33.8,29.36
2022-10-23T15:10:46.838000,2022,RUS,45,9,22.209,Green,,96.252,PUSH,Hard,14,36.11,89.7,80.54,80.14,199.3,Inactive,Clear,0.0,34.7,27.51
2022-10-23T15:12:25.134000,2022,RUS,46,9,24.772,Green,,95.601,PUSH,Hard,15,40.91,87.7,78.59,84.54,203.5,Inactive,Clear,0.0,34.0,25.67
2022-10-23T15:14:01.877000,2022,RUS,47,9,24.553,Green,,96.319,MAINTAIN,Hard,16,47.13,88.0,75.95,78.6,191.8,Inactive,Clear,0.0,36.4,23.98
2022-10-23T15:15:36.139000,2022,RUS,48,9,24.128,Green,,96.695,MAINTAIN,Hard,17,53.16,82.0,75.84,76.19,191.6,Inactive,Clear,0.0,35.5,22.19
2022-10-23T15:17:13.720000,2022,RUS,49,9,23.992,Green,,98.389,CONSERVE,Hard,18,57.06,81.7,76.9,73.08,169.5,Inactive,Cloudy,0.0,31.5,20.46
2022-10-23T15:18:49.959000,2022,RUS,50,9,25.768,Green,,97.066,PUSH,Hard,19,61.8,85.7,74.9,76.11,172.4,Inactive,Cloudy,0.0,32.8,18.57
2022-10-23T15:20:26.673000,2022,RUS,51,9,23.575,Green,,99.268,DEGRADATION WARNING,Hard,20,63.94,81.9,73.73,80.97,176.8,Inactive,Cloudy,0.0,29.0,16.8
2022-10-23T15:22:03.152000,2022,RUS,52,9,26.888,Green,,97.695,CONSERVE,Hard,21,69.27,89.6,74.04,79.0,181.7,Inactive,Cloudy,0.0,33.5,14.99
2022-10-23T15:23:39.611000,2022,RUS,53,9,26.017,Green,,96.759,CONSERVE,Hard,22,71.36,88.9,70.72,70.01,173.1,Inactive,Cloudy,0.0,29.5,13.22
2022-10-23T15:25:15.337000,2022,RUS,54,11,26.968,Green,,120.046,CONSERVE,Soft,0,0.0,55.0,87.22,84.06,251.2,Inactive,Cloudy,0.0,32.1,11.35
2022-10-23T15:26:51.195000,2022,RUS,55,11,28.815,Green,,96.165,PUSH,Soft,1,0.02,69.0,85.34,79.92,253.6,Inactive,Cloudy,0.0,28.3,9.48
2022-10-23T15:28:28.877000,2022,RUS,56,11,26.331,Green,,93.031,PUSH,Soft,2,0.02,84.8,86.85,84.81,257.3,Inactive,Cloudy,0.0,28.2,9.0
2023-10-22T14:00:03.178000,2023,HAM,1,3,5.174,Green,,98.149,MAINTAIN,Medium,1,0.85,69.0,91.19,89.37,242.2,Inactive,Cloudy,0.0,26.1,107.9
2023-10-22T14:01:36.941000,2023,HAM,2,3,5.478,Green,,96.547,PUSH,Medium,2,1.94,83.0,91.25,91.99,247.4,Inactive,Cloudy,0.0,25.3,106.15
2023-10-22T14:03:08.785000,2023,HAM,3,3,3.908,Green,,94.457,PUSH,Medium,3,3.7,87.3,92.55,95.64,242.2,Inactive,Cloudy,0.0,30.0,104.47
2023-10-22T14:04:42.666000,2023,HAM,4,3,4.579,Green,,95.595,MAINTAIN,Medium,4,5.73,91.9,90.82,89.55,248.7,Inactive,Cloudy,0.0,27.4,102.62
2023-10-22T14:06:18.599000,2023,HAM,5,3,5.925,Green,,94.272,PUSH,Medium,5,8.04,95.1,89.9,86.12,241.2,Inactive,Cloudy,0.0,25.7,100.79
2023-10-22T14:07:53.757000,2023,HAM,6,3,4.848,Green,,94.128,MAINTAIN,Medium,6,11.81,88.1,96.69,96.64,247.5,Inactive,Cloudy,0.0,26.6,99.07
2023-10-22T14:09:27.637000,2023,HAM,7,3,5.149,Green,,94.56,MAINTAIN,Medium,7,16.97,94.2,95.38,96.4,237.9,Inactive,Cloudy,0.0,29.8,97.33
2023-10-22T14:11:01.765000,2023,HAM,8,3,5.639,Green,,94.999,MAINTAIN,Medium,8,22.65,95.8,93.54,96.61,232.0,Inactive,Cloudy,0.0,28.5,95.5
2023-10-22T14:12:34.578000,2023,HAM,9,3,4.504,Green,,94.879,MAINTAIN,Medium,9,29.27,95.3,91.11,96.56,224.4,Inactive,Cloudy,0.0,28.9,93.68
2023-10-22T14:14:08.693000,2023,HAM,10,3,5.862,Green,,96.234,MAINTAIN,Medium,10,34.51,95.8,85.27,78.83,233.8,Inactive,Cloudy,0.0,27.5,91.97
2023-10-22T14:15:45.281000,2023,HAM,11,3,7.953,Green,,97.026,MAINTAIN,Medium,11,40.51,88.4,83.61,80.65,221.0,Inactive,Cloudy,0.0,28.1,90.09
2023-10-22T14:17:16.621000,2023,HAM,12,3,8.481,Green,,97.068,MAINTAIN,Medium,12,49.11,92.1,86.85,84.94,207.1,Inactive,Cloudy,0.0,27.5,88.26
2023-10-22T14:18:52.675000,2023,HAM,13,3,7.645,Green,,96.332,PUSH,Medium,13,57.85,89.8,84.29,83.88,195.8,Inactive,Cloudy,0.0,26.2,86.38
2023-10-22T14:20:25.201000,2023,HAM,14,3,9.066,Green,,97.717,MAINTAIN,Medium,14,64.61,91.4,77.39,76.85,187.9,Inactive,Cloudy,0.0,25.7,84.51
2023-10-22T14:22:01.587000,2023,HAM,15,5,12.496,Green,,122.864,MAINTAIN,Medium,0,0.0,55.0,92.08,91.14,252.6,Inactive,Cloudy,0.0,28.3,82.76
2023-10-22T14:23:35.895000,2023,HAM,16,5,10.071,Green,,97.649,PUSH,Medium,1,0.66,69.0,91.45,87.6,234.3,Inactive,Cloudy,0.0,27.6,80.93
2023-10-22T14:25:09.878000,2023,HAM,17,7,18.428,Green,,124.243,MAINTAIN,Hard,0,0.0,55.0,93.87,95.92,236.0,Inactive,Cloudy,0.0,27.6,79.1
2023-10-22T14:26:44.276000,2023,HAM,18,6,14.017,Green,,99.289,PUSH,Hard,1,0.51,69.0,95.09,92.9,247.6,Inactive,Cloudy,0.0,24.5,77.36
2023-10-22T14:28:16.337000,2023,HAM,19,5,12.505,Green,,96.86,PUSH,Hard,2,1.33,83.0,94.03,98.88,237.5,Inactive,Cloudy,0.0,27.5,75.65
2023-10-22T14:29:50.672000,2023,HAM,20,4,7.844,Green,,95.137,PUSH,Hard,3,2.43,92.0,90.61,93.3,251.1,Inactive,Cloudy,0.0,27.9,73.84
2023-10-22T14:31:24.045000,2023,HAM,21,4,9.095,Green,,93.374,PUSH,Hard,4,3.66,88.2,90.31,89.29,239.8,Inactive,Cloudy,0.0,26.0,72.11
2023-10-22T14:33:00.880000,2023,HAM,22,4,9.248,Green,,93.155,MAINTAIN,Hard,5,5.59,89.9,93.02,90.97,235.0,Inactive,Cloudy,0.0,29.9,70.33
2023-10-22T14:34:32.454000,2023,HAM,23,4,6.983,Green,,94.14,MAINTAIN,Hard,6,7.23,91.5,92.12,87.69,234.4,Inactive,Cloudy,0.0,25.0,68.53
2023-10-22T14:36:07.489000,2023,HAM,24,4,8.958,Green,,94.083,MAINTAIN,Hard,7,9.57,87.8,92.88,93.19,235.1,Inactive,Cloudy,0.0,27.7,66.71
2023-10-22T14:37:44.246000,2023,HAM,25,4,6.802,Green,,93.55,PUSH,Hard,8,11.81,86.1,92.4,86.6,230.7,Inactive,Cloudy,0.0,25.4,65.03
2023-10-22T14:39:18.334000,2023,HAM,26,4,8.368,Green,,95.284,MAINTAIN,Hard,9,14.24,86.8,91.46,89.8,232.1,Inactive,Cloudy,0.0,25.1,63.33
2023-10-22T14:40:51.592000,2023,HAM,27,4,10.164,Green,,93.951,PUSH,Hard,10,17.51,97.4,87.53,88.41,233.2,Inactive,Cloudy,0.0,27.4,61.56
2023-10-22T14:42:24.408000,2023,HAM,28,4,8.376,Green,,93.811,MAINTAIN,Hard,11,21.11,94.5,89.91,88.44,215.2,Inactive,Cloudy,0.0,27.5,59.72
2023-10-22T14:43:58.172000,2023,HAM,29,4,9.593,Green,,94.761,MAINTAIN,Hard,12,24.86,87.2,86.2,83.94,213.8,Inactive,Cloudy,0.0,27.1,57.86
2023-10-22T14:45:33.334000,2023,HAM,30,4,9.365,Green,,94.504,MAINTAIN,Hard,13,27.99,88.7,87.46,84.9,217.8,Inactive,Cloudy,0.0,24.7,56.13
2023-10-22T14:47:08.029000,2023,HAM,31,4,9.818,Green,,94.771,MAINTAIN,Hard,14,32.28,86.5,85.71,85.72,214.8,Inactive,Cloudy,0.0,27.2,54.3
2023-10-22T14:48:43.414000,2023,HAM,32,4,8.398,Green,,94.906,MAINTAIN,Hard,15,37.75,91.2,85.7,87.95,214.8,Inactive,Cloudy,0.0,29.3,52.52
2023-10-22T14:50:15.015000,2023,HAM,33,4,8.565,Green,,94.877,MAINTAIN,Hard,16,42.1,88.4,82.91,80.07,209.4,Inactive,Cloudy,0.0,26.4,50.77
2023-10-22T14:51:48.828000,2023,HAM,34,4,11.19,Green,,95.014,MAINTAIN,Hard,17,46.07,86.7,81.36,82.89,198.7,Inactive,Cloudy,0.0,25.4,48.87
2023-10-22T14:53:23.314000,2023,HAM,35,4,9.393,Yellow,Yellow flag - Turn 18,109.001,DEGRADATION WARNING,Hard,18,50.7,88.0,56.61,58.96,125.8,Inactive,Cloudy,0.0,26.4,47.16
2023-10-22T14:54:58.883000,2023,HAM,36,4,9.722,Yellow,Yellow flag - Turn 20,108.787,MAINTAIN,Hard,19,56.22,85.6,58.47,58.19,118.5,Inactive,Cloudy,0.0,27.7,45.39
2023-10-22T14:56:33.540000,2023,HAM,37,4,9.841,Yellow,Yellow flag - Turn 9,109.77,MAINTAIN,Hard,20,60.43,83.6,58.38,54.56,113.3,Inactive,Cloudy,0.0,25.6,43.5
2023-10-22T14:58:06.712000,2023,HAM,38,4,12.568,Green,,97.132,MAINTAIN,Hard,21,63.78,86.2,79.62,78.33,179.9,Inactive,Cloudy,0.0,24.4,41.66
2023-10-22T14:59:41.322000,2023,HAM,39,4,10.413,Green,,96.723,MAINTAIN,Hard,22,69.14,87.6,76.7,83.16,183.0,Inactive,Cloudy,0.0,27.2,39.93
2023-10-22T15:01:14.012000,2023,HAM,40,6,13.718,Green,,120.878,MAINTAIN,Soft,0,0.0,55.0,86.45,87.43,267.5,Inactive,Cloudy,0.0,29.3,38.26
2023-10-22T15:02:51.308000,2023,HAM,41,6,13.737,Green,,94.996,PUSH,Soft,1,0.24,69.0,86.07,88.34,245.7,Inactive,Cloudy,0.0,27.8,36.68
2023-10-22T15:04:24.370000,2023,HAM,42,6,12.27,Green,,92.997,PUSH,Soft,2,0.43,90.2,87.82,89.58,254.6,Inactive,Cloudy,0.0,25.8,35.12
2023-10-22T15:05:59.891000,2023,HAM,43,6,13.077,Green,,92.822,MAINTAIN,Soft,3,0.62,89.2,88.73,90.3,267.3,Inactive,Cloudy,0.0,25.0,33.57
2023-10-22T15:07:32.955000,2023,HAM,44,6,12.223,Green,,92.883,MAINTAIN,Soft,4,0.76,89.0,87.56,88.14,262.8,Inactive,Cloudy,0.0,24.1,31.92
2023-10-22T15:09:05.713000,2023,HAM,45,6,13.81,Green,,92.686,MAINTAIN,Soft,5,1.2,94.0,86.33,82.71,252.2,Inactive,Cloudy,0.0,27.7,30.38
2023-10-22T15:10:39.891000,2023,HAM,46,6,13.365,Green,,93.688,MAINTAIN,Soft,6,1.33,88.7,85.57,90.63,257.8,Inactive,Cloudy,0.0,24.2,28.82
2023-10-22T15:12:14.749000,2023,HAM,47,6,14.401,Green,,92.748,PUSH,Soft,7,1.95,94.0,87.3,89.15,266.0,Inactive,Cloudy,0.0,28.3,27.14
2023-10-22T15:13:50.242000,2023,HAM,48,6,15.605,Green,,91.877,PUSH,Soft,8,2.3,90.4,88.5,87.9,258.3,Inactive,Cloudy,0.0,26.1,25.6
2023-10-22T15:15:23.286000,2023,HAM,49,6,12.943,Green,,92.3,MAINTAIN,Soft,9,3.02,93.1,86.9,82.56,252.6,Inactive,Cloudy,0.0,28.4,24.09
2023-10-22T15:16:57.892000,2023,HAM,50,6,13.558,Green,,92.49,MAINTAIN,Soft,10,3.54,92.0,84.61,90.31,253.8,Inactive,Cloudy,0.0,27.3,22.58
2023-10-22T15:18:33.420000,2023,HAM,51,6,13.166,Green,,92.052,CONSERVE,Soft,11,3.9,94.3,84.41,87.44,262.1,Inactive,Cloudy,0.0,26.6,21.05
2023-10-22T15:20:06.416000,2023,HAM,52,6,12.75,Green,,91.518,PUSH,Soft,12,4.92,93.3,85.05,89.84,248.1,Inactive,Cloudy,0.0,29.5,19.34
2023-10-22T15:21:41.879000,2023,HAM,53,6,13.842,Green,,90.725,PUSH,Soft,13,5.6,90.8,93.24,100.0,261.1,Inactive,Cloudy,0.0,27.6,17.53
2023-10-22T15:23:12.732000,2023,HAM,54,6,15.627,Green,,91.735,CONSERVE,Soft,14,6.53,97.1,91.91,92.47,241.8,Inactive,Cloudy,0.0,28.5,15.81
2023-10-22T15:24:48.548000,2023,HAM,55,6,12.504,Green,,90.636,PUSH,Soft,15,6.06,96.2,92.28,88.83,242.0,Inactive,Cloudy,0.0,25.6,14.06
2023-10-22T15:26:23.065000,2023,HAM,56,6,15.528,Green,,92.005,CONSERVE,Soft,16,6.4,96.0,94.06,93.95,256.0,Inactive,Cloudy,0.0,27.8,12.36
2023-10-22T14:00:03.015000,2023,RUS,1,4,8.243,Green,,96.912,MAINTAIN,Soft,1,0.95,69.0,92.41,91.08,244.1,Inactive,Cloudy,0.0,29.0,106.74
2023-10-22T14:01:37.667000,2023,RUS,2,4,10.107,Green,,95.169,PUSH,Soft,2,2.24,91.7,94.09,90.59,252.5,Inactive,Cloudy,0.0,28.9,105.04
2023-10-22T14:03:08.881000,2023,RUS,3,4,8.283,Green,,94.093,PUSH,Soft,3,3.78,92.3,91.76,94.35,243.3,Inactive,Cloudy,0.0,26.5,103.14
2023-10-22T14:04:43.854000,2023,RUS,4,4,8.153,Green,,94.934,MAINTAIN,Soft,4,5.92,93.0,92.35,94.7,253.9,Inactive,Cloudy,0.0,28.3,101.45
2023-10-22T14:06:19.689000,2023,RUS,5,4,7.426,Green,,95.148,MAINTAIN,Soft,5,8.34,93.4,90.6,86.16,246.1,Inactive,Cloudy,0.0,26.2,99.57
2023-10-22T14:07:53.242000,2023,RUS,6,4,10.136,Green,,94.81,MAINTAIN,Soft,6,11.34,93.5,91.44,92.7,239.7,Inactive,Cloudy,0.0,26.8,97.69
2023-10-22T14:09:27.277000,2023,RUS,7,4,8.488,Green,,95.17,MAINTAIN,Soft,7,15.39,89.2,89.91,86.68,244.2,Inactive,Cloudy,0.0,30.0,95.8
2023-10-22T14:11:00.307000,2023,RUS,8,4,9.348,Green,,95.507,MAINTAIN,Soft,8,19.2,92.0,89.89,82.31,246.9,Inactive,Cloudy,0.0,25.6,93.9
2023-10-22T14:12:34.503000,2023,RUS,9,4,9.152,Green,,94.023,PUSH,Soft,9,23.19,90.9,86.3,87.12,249.6,Inactive,Cloudy,0.0,24.1,92.0
2023-10-22T14:14:09.832000,2023,RUS,10,4,8.179,Green,,97.168,MAINTAIN,Soft,10,28.55,87.1,88.68,91.6,232.0,Inactive,Cloudy,0.0,27.6,90.12
2023-10-22T14:15:44.900000,2023,RUS,11,4,8.191,Green,,96.346,PUSH,Soft,11,35.09,88.1,87.35,87.1,228.2,Inactive,Cloudy,0.0,29.6,88.43
2023-10-22T14:17:16.400000,2023,RUS,12,4,10.168,Green,,95.96,MAINTAIN,Soft,12,42.24,89.9,83.6,84.83,216.9,Inactive,Cloudy,0.0,29.4,86.74
2023-10-22T14:18:52.886000,2023,RUS,13,4,11.522,Green,,96.933,MAINTAIN,Soft,13,49.31,92.2,81.48,81.27,226.0,Inactive,Cloudy,0.0,27.4,84.87
2023-10-22T14:20:27.138000,2023,RUS,14,4,10.787,Green,,96.456,PUSH,Soft,14,57.32,91.4,81.04,82.43,207.2,Inactive,Cloudy,0.0,28.3,82.98
2023-10-22T14:22:01.023000,2023,RUS,15,4,9.775,Green,,97.398,MAINTAIN,Soft,15,64.41,94.0,78.65,78.46,203.5,Inactive,Cloudy,0.0,25.1,81.18
2023-10-22T14:23:33.786000,2023,RUS,16,6,12.374,Green,,123.291,MAINTAIN,Medium,0,0.0,55.0,93.21,95.68,255.4,Inactive,Cloudy,0.0,25.4,79.5
2023-10-22T14:25:08.160000,2023,RUS,17,6,12.404,Green,,97.301,PUSH,Medium,1,0.57,69.0,93.39,94.09,240.4,Inactive,Cloudy,0.0,25.9,77.73
2023-10-22T14:26:42.934000,2023,RUS,18,6,13.838,Green,,95.918,PUSH,Medium,2,1.36,83.0,93.86,91.23,244.3,Inactive,Cloudy,0.0,26.5,75.94
2023-10-22T14:28:17.705000,2023,RUS,19,6,13.316,Green,,93.316,PUSH,Medium,3,2.48,93.1,91.83,100.0,252.7,Inactive,Cloudy,0.0,27.7,74.17
2023-10-22T14:29:52.144000,2023,RUS,20,6,15.787,Green,,93.627,MAINTAIN,Medium,4,4.11,91.6,90.01,85.3,249.8,Inactive,Cloudy,0.0,29.9,72.31
2023-10-22T14:31:26.410000,2023,RUS,21,6,12.468,Green,,93.913,MAINTAIN,Medium,5,5.89,91.6,93.03,90.59,244.2,Inactive,Cloudy,0.0,28.0,70.58
2023-10-22T14:32:59.238000,2023,RUS,22,6,14.74,Green,,93.194,PUSH,Medium,6,8.18,90.1,89.76,94.37,244.9,Inactive,Cloudy,0.0,29.1,68.84
2023-10-22T14:34:32.412000,2023,RUS,23,6,14.416,Green,,93.68,MAINTAIN,Medium,7,10.26,89.1,90.04,88.76,236.3,Inactive,Cloudy,0.0,25.6,67.15
2023-10-22T14:36:09.853000,2023,RUS,24,6,12.416,Green,,94.798,MAINTAIN,Medium,8,12.58,88.7,89.76,89.19,241.3,Inactive,Cloudy,0.0,25.3,65.46
2023-10-22T14:37:43.247000,2023,RUS,25,6,13.641,Green,,93.439,PUSH,Medium,9,16.25,95.4,90.21,94.3,241.0,Inactive,Cloudy,0.0,29.9,63.69
2023-10-22T14:39:16.238000,2023,RUS,26,6,13.363,Green,,94.526,MAINTAIN,Medium,10,20.3,95.9,89.13,91.18,238.1,Inactive,Cloudy,0.0,29.8,61.84
2023-10-22T14:40:51.516000,2023,RUS,27,6,14.629,Green,,94.522,MAINTAIN,Medium,11,23.24,89.4,89.27,86.5,237.7,Inactive,Cloudy,0.0,24.8,60.08
2023-10-22T14:42:23.608000,2023,RUS,28,6,12.896,Green,,95.963,MAINTAIN,Medium,12,26.3,94.9,86.65,88.19,225.2,Inactive,Cloudy,0.0,24.5,58.28
2023-10-22T14:44:00.075000,2023,RUS,29,6,13.295,Green,,94.66,PUSH,Medium,13,29.7,90.5,87.32,89.44,218.7,Inactive,Cloudy,0.0,24.9,56.5
2023-10-22T14:45:33.740000,2023,RUS,30,8,20.893,Green,,130.272,MAINTAIN,Intermediate,0,0.0,55.0,93.78,94.94,193.6,Inactive,Light Rain,1.31,23.0,54.63
2023-10-22T14:47:06.290000,2023,RUS,31,8,18.826,Green,,102.393,PUSH,Intermediate,1,0.37,69.0,92.5,89.45,205.0,Inactive,Light Rain,0.81,24.4,52.84
2023-10-22T14:48:40.486000,2023,RUS,32,8,19.592,Green,,103.793,MAINTAIN,Intermediate,2,1.01,83.0,94.17,100.0,196.2,Inactive,Light Rain,1.41,25.8,51.07
2023-10-22T14:50:17.141000,2023,RUS,33,8,21.263,Green,,101.207,PUSH,Intermediate,3,1.83,81.3,93.97,89.01,198.0,Inactive,Light Rain,1.14,26.5,49.18
2023-10-22T14:51:49.260000,2023,RUS,34,8,20.67,Green,,100.63,PUSH,Intermediate,4,2.73,86.0,90.24,88.49,194.6,Inactive,Light Rain,1.13,24.9,47.49
2023-10-22T14:53:23.007000,2023,RUS,35,8,19.834,Green,,100.226,MAINTAIN,Intermediate,5,3.95,79.0,91.85,86.7,196.2,Inactive,Light Rain,1.12,26.1,45.8
2023-10-22T14:54:57.124000,2023,RUS,36,8,18.278,Green,,101.805,MAINTAIN,Intermediate,6,5.52,81.6,90.3,87.72,196.7,Inactive,Light Rain,1.37,26.3,44.06
2023-10-22T14:56:32.723000,2023,RUS,37,8,21.396,Green,,101.687,MAINTAIN,Intermediate,7,6.84,78.4,91.47,97.23,185.2,Inactive,Light Rain,1.27,23.7,42.28
2023-10-22T14:58:06.194000,2023,RUS,38,8,20.612,Green,,101.522,MAINTAIN,Intermediate,8,8.49,78.6,90.2,90.98,193.6,Inactive,Light Rain,1.3,24.5,40.4
2023-10-22T14:59:41.499000,2023,RUS,39,8,20.079,Green,,104.292,MAINTAIN,Intermediate,9,10.4,79.0,88.38,89.02,184.8,Inactive,Light Rain,1.77,23.6,38.52
2023-10-22T15:01:15.396000,2023,RUS,40,8,21.121,Green,,104.704,MAINTAIN,Intermediate,10,13.39,84.3,90.26,97.68,178.3,Inactive,Light Rain,1.62,27.5,36.79
2023-10-22T15:02:49.017000,2023,RUS,41,8,20.323,Green,,100.531,PUSH,Intermediate,11,14.55,78.7,88.33,85.45,185.1,Inactive,Light Rain,1.1,22.0,34.99
2023-10-22T15:04:24.102000,2023,RUS,42,8,18.983,Green,,105.065,MAINTAIN,Intermediate,12,18.02,83.0,89.19,89.36,172.4,Inactive,Light Rain,1.72,27.1,33.14
2023-10-22T15:05:57.871000,2023,RUS,43,8,21.056,Green,,104.108,PUSH,Intermediate,13,20.45,79.2,89.91,90.3,180.9,Inactive,Light Rain,1.75,23.6,31.37
2023-10-22T15:07:32.686000,2023,RUS,44,8,18.007,Green,,100.979,PUSH,Intermediate,14,22.9,81.7,86.54,89.19,180.7,Inactive,Light Rain,1.08,25.4,29.66
2023-10-22T15:09:05.743000,2023,RUS,45,8,19.162,Green,,102.923,MAINTAIN,Intermediate,15,24.61,79.4,87.99,87.89,163.0,Inactive,Light Rain,1.55,22.4,27.81
2023-10-22T15:10:42.338000,2023,RUS,46,8,18.779,Safety Car,Safety Car deployed - Incident on track,134.879,DEGRADATION WARNING,Intermediate,16,26.7,82.2,44.84,42.16,85.0,Inactive,Light Rain,1.64,23.1,26.05
2023-10-22T15:12:16.595000,2023,RUS,47,8,19.968,Green,,98.862,PUSH,Intermediate,17,29.74,78.3,85.44,79.5,182.0,Inactive,Light Rain,0.84,27.2,24.29
2023-10-22T15:13:49.122000,2023,RUS,48,8,19.933,Green,,98.804,MAINTAIN,Intermediate,18,30.26,78.5,87.14,85.02,169.5,Inactive,Light Rain,0.87,22.9,22.55
2023-10-22T15:15:24.304000,2023,RUS,49,8,20.51,Green,,103.888,DEGRADATION WARNING,Intermediate,19,33.23,83.7,85.82,86.2,167.5,Inactive,Light Rain,1.49,25.3,20.65
2023-10-22T15:16:56.405000,2023,RUS,50,8,20.05,Green,,102.188,PUSH,Intermediate,20,37.08,79.0,85.3,83.27,176.3,Inactive,Light Rain,1.27,27.4,18.85
2023-10-22T15:18:30.992000,2023,RUS,51,8,19.775,Green,,98.822,PUSH,Intermediate,21,36.6,80.7,86.48,84.86,172.0,Inactive,Light Rain,0.68,23.3,16.98
2023-10-22T15:20:05.867000,2023,RUS,52,8,18.861,Green,,98.723,CONSERVE,Intermediate,22,38.9,75.6,83.15,82.32,174.6,Inactive,Light Rain,0.77,27.1,15.1
2023-10-22T15:21:40.573000,2023,RUS,53,8,18.52,Green,,99.44,CONSERVE,Intermediate,23,37.82,77.8,83.29,78.47,169.0,Inactive,Light Rain,0.86,23.1,13.25
2023-10-22T15:23:14.559000,2023,RUS,54,8,18.72,Green,,102.282,DEGRADATION WARNING,Intermediate,24,39.12,83.6,84.7,86.21,168.0,Inactive,Light Rain,1.24,25.2,11.55
2023-10-22T15:24:48.095000,2023,RUS,55,8,20.881,Green,,100.977,PUSH,Intermediate,25,39.57,81.3,84.71,84.14,167.6,Inactive,Light Rain,0.98,25.4,9.76
2023-10-22T15:26:22.720000,2023,RUS,56,8,18.39,Green,,104.263,DEGRADATION WARNING,Intermediate,26,38.44,74.8,83.15,85.03,156.1,Inactive,Light Rain,1.59,22.4,9.0
2024-10-20T14:00:01.887000,2024,HAM,1,3,4.784,Green,,96.653,MAINTAIN,Medium,1,1.22,69.0,97.18,97.44,246.5,Inactive,Clear,0.0,36.3,107.87
2024-10-20T14:01:34.006000,2024,HAM,2,3,5.913,Green,,95.029,PUSH,Medium,2,2.93,83.0,95.87,95.85,228.3,Inactive,Clear,0.0,37.4,106.17
2024-10-20T14:03:08.565000,2024,HAM,3,3,6.352,Green,,94.239,PUSH,Medium,3,4.93,93.0,92.38,91.0,241.2,Inactive,Clear,0.0,33.5,104.44
2024-10-20T14:04:39.072000,2024,HAM,4,3,4.417,Green,,92.39,PUSH,Medium,4,8.33,97.0,98.95,97.33,223.1,Inactive,Clear,0.0,35.1,102.67
2024-10-20T14:06:12.510000,2024,HAM,5,3,4.567,Green,,91.663,PUSH,Medium,5,12.44,90.7,98.36,95.26,233.5,Inactive,Clear,0.0,33.8,100.85
2024-10-20T14:07:46.497000,2024,HAM,6,3,5.926,Green,,94.723,MAINTAIN,Medium,6,16.55,94.7,90.62,91.74,225.2,Inactive,Clear,0.0,35.4,99.0
2024-10-20T14:09:19.980000,2024,HAM,7,3,4.707,Green,,94.892,MAINTAIN,Medium,7,21.49,89.8,91.61,88.92,222.9,Inactive,Clear,0.0,35.9,97.19
2024-10-20T14:10:51.558000,2024,HAM,8,3,4.399,Green,,95.532,MAINTAIN,Medium,8,27.46,93.7,89.11,92.38,227.5,Inactive,Clear,0.0,37.1,95.4
2024-10-20T14:12:22.814000,2024,HAM,9,3,4.281,Green,,94.774,PUSH,Medium,9,33.4,92.4,88.82,86.99,218.4,Inactive,Clear,0.0,33.1,93.66
2024-10-20T14:13:55.354000,2024,HAM,10,3,4.654,Green,,94.372,MAINTAIN,Medium,10,40.19,93.0,87.78,90.65,208.3,Inactive,Clear,0.0,33.4,91.8
2024-10-20T14:15:29.180000,2024,HAM,11,3,7.278,Green,,95.386,MAINTAIN,Medium,11,47.71,96.5,83.42,85.81,195.9,Inactive,Clear,0.0,33.3,89.99
2024-10-20T14:17:03.604000,2024,HAM,12,3,8.637,Green,,95.43,MAINTAIN,Medium,12,56.62,94.0,81.51,81.8,188.0,Inactive,Clear,0.0,35.2,88.21
2024-10-20T14:18:35.343000,2024,HAM,13,3,8.307,Green,,95.753,MAINTAIN,Medium,13,65.6,88.8,80.9,83.56,187.0,Inactive,Clear,0.0,33.0,86.53
2024-10-20T14:20:09.552000,2024,HAM,14,3,11.37,Green,,97.675,CONSERVE,Medium,14,76.85,88.8,77.26,80.26,181.7,Inactive,Clear,0.0,36.7,84.82
2024-10-20T14:21:41.088000,2024,HAM,15,5,10.668,Green,,122.805,MAINTAIN,Medium,0,0.0,55.0,97.45,99.45,250.2,Inactive,Clear,0.0,34.8,82.98
2024-10-20T14:23:15.445000,2024,HAM,16,5,10.215,Green,,96.062,PUSH,Medium,1,0.89,69.0,93.7,90.89,232.2,Inactive,Clear,0.0,33.9,81.27
2024-10-20T14:24:44.946000,2024,HAM,17,7,15.84,Yellow,"Safety Car - Tyre Change",125.501,MAINTAIN,Soft,0,0.0,55.0,94.95,98.74,231.7,Inactive,Clear,0.0,37.7,79.55
2024-10-20T14:26:20.106000,2024,HAM,18,6,12.934,Green,,98.160,PUSH,Soft,1,0.92,69.0,96.3,97.8,232.1,Inactive,Clear,0.0,35.7,77.67
2024-10-20T14:27:52.027000,2024,HAM,19,5,12.467,Green,,91.921,PUSH,Soft,2,2.25,83.0,96.41,97.07,233.1,Inactive,Clear,0.0,37.6,75.91
2024-10-20T14:29:25.810000,2024,HAM,20,4,7.073,Green,,93.783,PUSH,Soft,3,4.09,92.0,96.29,100.0,239.4,Inactive,Clear,0.0,38.7,74.06
2024-10-20T14:30:58.340000,2024,HAM,21,4,9.536,Yellow,Yellow flag - Turn 13,105.319,MAINTAIN,Hard,4,6.41,83.1,68.63,68.98,158.4,Inactive,Clear,0.0,38.4,72.2
2024-10-20T14:32:28.856000,2024,HAM,22,4,9.544,Yellow,Yellow flag - Turn 3,106.161,MAINTAIN,Hard,5,9.12,88.0,67.47,66.28,156.6,Inactive,Clear,0.0,36.9,70.46
2024-10-20T14:34:01.715000,2024,HAM,23,4,9.992,Yellow,Yellow flag - Turn 12,105.75,MAINTAIN,Hard,6,12.22,89.4,67.59,70.72,149.0,Inactive,Clear,0.0,35.7,68.56
2024-10-20T14:35:37.049000,2024,HAM,24,4,9.713,Yellow,Yellow flag - Turn 18,105.799,MAINTAIN,Hard,7,16.12,82.5,67.87,61.4,140.5,Inactive,Clear,0.0,37.2,66.87
2024-10-20T14:37:09.397000,2024,HAM,25,4,9.334,Yellow,Yellow flag - Turn 11,104.336,PUSH,Hard,8,20.31,91.2,66.57,58.88,144.7,Inactive,Clear,0.0,35.5,65.09
2024-10-20T14:38:40.339000,2024,HAM,26,4,8.105,Yellow,Yellow flag - Turn 13,107.296,MAINTAIN,Hard,9,25.48,91.5,65.58,66.51,145.8,Inactive,Clear,0.0,37.3,63.28
2024-10-20T14:40:15.719000,2024,HAM,27,4,8.229,Green,,93.298,PUSH,Hard,10,31.53,85.7,85.99,86.71,199.9,Inactive,Clear,0.0,38.2,61.41
2024-10-20T14:41:48.351000,2024,HAM,28,4,7.678,Green,,93.285,MAINTAIN,Hard,11,38.13,88.4,87.43,87.65,212.5,Inactive,Clear,0.0,37.8,59.54
2024-10-20T14:43:20.946000,2024,HAM,29,4,8.852,Green,,94.784,MAINTAIN,Hard,12,45.5,85.7,86.03,90.68,198.9,Inactive,Clear,0.0,38.1,57.76
2024-10-20T14:44:51.621000,2024,HAM,30,4,11.886,Green,,94.966,MAINTAIN,Hard,13,52.34,85.0,81.89,82.77,187.4,Inactive,Clear,0.0,34.8,56.03
2024-10-20T14:46:24.872000,2024,HAM,31,4,11.035,Green,,95.578,MAINTAIN,Hard,14,60.19,90.6,83.85,82.04,194.5,Inactive,Clear,0.0,36.0,54.23
2024-10-20T14:47:58.880000,2024,HAM,32,4,11.971,Green,,94.994,MAINTAIN,Hard,15,69.96,92.3,80.22,75.21,175.4,Inactive,Clear,0.0,39.0,52.5
2024-10-20T14:49:30.583000,2024,HAM,33,5,12.37,Green,,120.895,MAINTAIN,Medium,0,0.0,55.0,97.77,93.64,250.1,Inactive,Clear,0.0,36.1,50.75
2024-10-20T14:51:05.164000,2024,HAM,34,5,10.796,Green,,95.067,PUSH,Medium,1,0.71,69.0,97.41,95.25,239.1,Inactive,Clear,0.0,37.3,49.0
2024-10-20T14:52:36.603000,2024,HAM,35,5,10.09,Green,,93.535,PUSH,Medium,2,1.71,83.0,96.34,97.51,235.5,Inactive,Clear,0.0,38.2,47.15
2024-10-20T14:54:11.192000,2024,HAM,36,5,10.41,Yellow,Yellow flag - Turn 9,104.919,MAINTAIN,Medium,3,2.72,89.2,70.4,75.4,170.0,Inactive,Clear,0.0,33.7,45.32
2024-10-20T14:55:43.079000,2024,HAM,37,5,9.779,Yellow,Yellow flag - Turn 11,104.794,MAINTAIN,Medium,4,4.37,94.2,69.83,70.74,156.5,Inactive,Clear,0.0,38.0,43.61
2024-10-20T14:57:16.791000,2024,HAM,38,5,10.159,Yellow,Yellow flag - Turn 11,103.588,PUSH,Medium,5,6.05,93.2,68.74,67.93,168.4,Inactive,Clear,0.0,34.8,41.85
2024-10-20T14:58:48.419000,2024,HAM,39,5,10.131,Yellow,Yellow flag - Turn 5,103.24,MAINTAIN,Medium,6,7.93,90.8,68.0,73.8,157.7,Inactive,Clear,0.0,33.9,40.04
2024-10-20T15:00:19.604000,2024,HAM,40,5,11.332,Yellow,Yellow flag - Turn 1,103.3,MAINTAIN,Medium,7,10.11,94.0,69.86,74.01,150.0,Inactive,Clear,0.0,33.8,38.32
2024-10-20T15:01:53.519000,2024,HAM,41,5,11.6,Yellow,Yellow flag - Turn 3,104.566,MAINTAIN,Medium,8,13.14,92.4,67.74,67.59,156.5,Inactive,Clear,0.0,36.7,36.51
2024-10-20T15:03:27.324000,2024,HAM,42,5,10.547,Green,,91.373,PUSH,Medium,9,16.88,93.4,91.82,88.98,242.5,Inactive,Clear,0.0,38.1,34.79
2024-10-20T15:04:59.931000,2024,HAM,43,5,11.747,Green,,91.338,MAINTAIN,Medium,10,20.16,97.1,91.96,90.71,217.8,Inactive,Clear,0.0,34.6,32.95
2024-10-20T15:06:33.674000,2024,HAM,44,5,12.853,Green,,90.638,PUSH,Medium,11,24.09,91.2,90.59,90.58,232.5,Inactive,Clear,0.0,35.8,31.18
2024-10-20T15:08:04.753000,2024,HAM,45,5,12.636,Green,,91.271,MAINTAIN,Medium,12,27.86,87.4,90.78,88.92,220.0,Inactive,Clear,0.0,34.3,29.45
2024-10-20T15:09:38.806000,2024,HAM,46,5,9.769,Green,,92.469,MAINTAIN,Medium,13,32.21,91.5,89.7,94.81,216.8,Inactive,Clear,0.0,35.1,27.68
2024-10-20T15:11:10.180000,2024,HAM,47,5,12.942,Green,,92.718,MAINTAIN,Medium,14,37.95,94.4,86.56,83.36,216.9,Inactive,Clear,0.0,37.9,25.85
2024-10-20T15:12:43.689000,2024,HAM,48,5,12.337,Green,,93.218,MAINTAIN,Medium,15,42.36,90.9,86.18,87.14,212.5,Inactive,Clear,0.0,34.0,24.04
2024-10-20T15:14:16.384000,2024,HAM,49,5,13.452,Green,,92.294,PUSH,Medium,16,48.55,93.0,83.21,86.99,218.3,Inactive,Clear,0.0,37.3,22.32
2024-10-20T15:15:47.555000,2024,HAM,50,5,11.585,Green,,92.862,CONSERVE,Medium,17,55.6,98.1,83.06,82.65,192.9,Inactive,Clear,0.0,38.3,20.51
2024-10-20T15:17:21.805000,2024,HAM,51,5,12.86,Green,,93.756,CONSERVE,Medium,18,61.72,93.9,82.39,81.7,195.0,Inactive,Clear,0.0,36.2,18.81
2024-10-20T15:18:55.984000,2024,HAM,52,5,15.668,Green,,94.278,CONSERVE,Medium,19,68.01,88.0,78.47,82.77,182.9,Inactive,Clear,0.0,36.1,17.06
2024-10-20T15:20:28.238000,2024,HAM,53,5,14.028,Green,,95.034,CONSERVE,Medium,20,75.33,97.1,77.6,80.92,174.5,Inactive,Clear,0.0,37.4,15.25
2024-10-20T15:21:58.418000,2024,HAM,54,6,20.052,Green,,118.562,DEGRADATION WARNING,Medium,21,79.93,95.3,77.42,76.0,172.8,Inactive,Clear,0.0,33.3,13.5
2024-10-20T15:23:33.332000,2024,HAM,55,8,24.261,Green,,119.035,CONSERVE,Medium,22,85.38,94.6,75.73,75.16,165.1,Inactive,Clear,0.0,34.4,11.8
2024-10-20T15:25:05.319000,2024,HAM,56,9,29.108,Green,,120.61,CONSERVE,Medium,23,93.73,93.9,73.84,74.99,158.0,Inactive,Clear,0.0,38.0,10.09
2024-10-20T14:00:01.416000,2024,RUS,1,4,8.027,Green,,94.862,MAINTAIN,Soft,1,1.11,69.0,96.27,94.01,249.6,Inactive,Clear,0.0,33.2,107.11
2024-10-20T14:01:34.333000,2024,RUS,2,4,8.193,Green,,93.28,PUSH,Soft,2,2.85,91.1,96.12,99.05,263.3,Inactive,Clear,0.0,37.7,105.29
2024-10-20T14:03:06.463000,2024,RUS,3,4,7.854,Green,,92.854,MAINTAIN,Soft,3,4.88,95.5,93.18,95.04,256.6,Inactive,Clear,0.0,33.6,103.48
2024-10-20T14:04:40.322000,2024,RUS,4,4,8.116,Green,,93.658,MAINTAIN,Soft,4,7.6,93.6,91.56,90.33,252.8,Inactive,Clear,0.0,34.8,101.75
2024-10-20T14:06:13.198000,2024,RUS,5,4,9.077,Green,,93.094,PUSH,Soft,5,10.81,88.8,91.85,90.7,247.6,Inactive,Clear,0.0,33.3,100.05
2024-10-20T14:07:46.334000,2024,RUS,6,4,9.302,Green,,92.38,PUSH,Soft,6,15.18,92.1,90.36,92.86,240.6,Inactive,Clear,0.0,36.6,98.27
2024-10-20T14:09:16.996000,2024,RUS,7,4,8.017,Green,,93.778,MAINTAIN,Soft,7,20.05,90.4,91.16,92.88,244.8,Inactive,Clear,0.0,34.8,96.54
2024-10-20T14:10:50.942000,2024,RUS,8,4,8.375,Green,,93.474,MAINTAIN,Soft,8,25.66,91.4,88.57,87.32,235.8,Inactive,Clear,0.0,34.6,94.78
2024-10-20T14:12:24.744000,2024,RUS,9,4,8.171,Green,,94.998,MAINTAIN,Soft,9,32.86,91.6,87.15,79.95,231.5,Inactive,Clear,0.0,37.9,93.01
2024-10-20T14:13:57.644000,2024,RUS,10,4,8.232,Green,,95.221,MAINTAIN,Soft,10,41.13,92.7,84.78,83.4,223.6,Inactive,Clear,0.0,38.4,91.12
2024-10-20T14:15:28.590000,2024,RUS,11,4,8.435,Green,,95.515,MAINTAIN,Soft,11,50.3,91.5,84.69,84.84,208.5,Inactive,Clear,0.0,38.2,89.43
2024-10-20T14:17:04.238000,2024,RUS,12,4,9.655,Green,,96.047,MAINTAIN,Soft,12,59.97,91.2,84.41,86.91,189.9,Inactive,Clear,0.0,36.7,87.63
2024-10-20T14:18:36.449000,2024,RUS,13,4,11.574,Green,,95.505,MAINTAIN,Soft,13,69.88,88.6,79.18,78.82,196.0,Inactive,Clear,0.0,34.9,85.79
2024-10-20T14:20:07.073000,2024,RUS,14,4,13.976,Green,,96.874,CONSERVE,Soft,14,80.81,94.2,76.78,73.7,178.1,Inactive,Clear,0.0,35.2,84.07
2024-10-20T14:21:42.457000,2024,RUS,15,6,12.679,Green,,123.322,MAINTAIN,Medium,0,0.0,55.0,95.21,96.78,246.8,Inactive,Clear,0.0,38.6,82.38
2024-10-20T14:23:13.772000,2024,RUS,16,6,14.712,Green,,96.145,PUSH,Medium,1,0.99,69.0,94.99,91.88,243.3,Inactive,Clear,0.0,36.7,80.61
2024-10-20T14:24:45.571000,2024,RUS,17,6,12.642,Green,,94.781,PUSH,Medium,2,2.32,83.0,94.27,93.29,249.3,Inactive,Clear,0.0,36.5,78.93
2024-10-20T14:26:19.690000,2024,RUS,18,6,13.134,Green,,91.996,PUSH,Medium,3,4.12,94.6,94.41,94.26,242.2,Inactive,Clear,0.0,36.9,77.24
2024-10-20T14:27:53.288000,2024,RUS,19,6,14.223,Green,,91.473,PUSH,Medium,4,6.58,89.7,95.3,95.49,237.1,Inactive,Clear,0.0,38.4,75.53
2024-10-20T14:29:23.699000,2024,RUS,20,6,13.551,Green,,92.328,MAINTAIN,Medium,5,9.34,95.1,91.57,90.9,243.8,Inactive,Clear,0.0,35.9,73.76
2024-10-20T14:30:56.652000,2024,RUS,21,6,14.047,Green,,92.386,MAINTAIN,Medium,6,12.63,90.1,92.88,93.91,237.9,Inactive,Clear,0.0,35.6,71.87
2024-10-20T14:32:30.769000,2024,RUS,22,6,13.328,Yellow,Yellow flag - Turn 19,106.475,MAINTAIN,Medium,7,16.99,92.7,67.53,66.11,148.5,Inactive,Clear,0.0,38.4,70.16
2024-10-20T14:34:04.236000,2024,RUS,23,6,14.639,Yellow,Yellow flag - Turn 12,106.296,MAINTAIN,Medium,8,21.13,96.3,65.93,70.01,145.3,Inactive,Clear,0.0,33.8,68.34
2024-10-20T14:35:37.883000,2024,RUS,24,6,15.586,Yellow,Yellow flag - Turn 8,105.928,MAINTAIN,Medium,9,26.01,96.9,65.82,62.23,142.1,Inactive,Clear,0.0,34.5,66.48
2024-10-20T14:37:10.623000,2024,RUS,25,6,13.237,Yellow,Yellow flag - Turn 16,106.244,MAINTAIN,Medium,10,31.9,90.4,64.2,61.67,144.1,Inactive,Clear,0.0,36.1,64.64
2024-10-20T14:38:43.137000,2024,RUS,26,6,15.027,Green,,95.478,PUSH,Medium,11,39.29,97.3,87.87,89.23,204.6,Inactive,Clear,0.0,38.9,62.81
2024-10-20T14:40:15.761000,2024,RUS,27,6,16.23,Green,,94.933,PUSH,Medium,12,47.37,85.3,85.26,85.31,201.2,Inactive,Clear,0.0,38.7,61.05
2024-10-20T14:41:48.797000,2024,RUS,28,6,17.303,Green,,93.983,PUSH,Medium,13,54.91,91.9,80.74,84.29,198.7,Inactive,Clear,0.0,35.3,59.31
2024-10-20T14:43:20.012000,2024,RUS,29,6,16.058,Green,,95.649,MAINTAIN,Medium,14,64.19,94.2,81.17,80.57,191.9,Inactive,Clear,0.0,38.0,57.43
2024-10-20T14:44:53.837000,2024,RUS,30,6,19.343,Green,,95.557,CONSERVE,Medium,15,73.33,95.0,79.54,82.11,177.3,Inactive,Clear,0.0,36.1,55.59
2024-10-20T14:46:24.632000,2024,RUS,31,8,20.135,Green,,122.517,MAINTAIN,Hard,0,0.0,55.0,95.22,93.42,249.0,Inactive,Clear,0.0,34.3,53.71
2024-10-20T14:48:00.209000,2024,RUS,32,8,20.734,Green,,96.35,PUSH,Hard,1,0.69,69.0,94.59,91.53,228.3,Inactive,Clear,0.0,35.8,51.9
2024-10-20T14:49:30.265000,2024,RUS,33,8,21.296,Green,,95.833,PUSH,Hard,2,1.63,83.0,93.86,91.16,234.7,Inactive,Clear,0.0,36.0,50.2
2024-10-20T14:51:03.603000,2024,RUS,34,8,20.182,Green,,93.089,PUSH,Hard,3,2.78,92.0,95.32,89.58,242.2,Inactive,Clear,0.0,34.6,48.35
2024-10-20T14:52:38.366000,2024,RUS,35,8,20.167,Green,,91.466,PUSH,Hard,4,4.45,89.4,94.57,94.3,238.6,Inactive,Clear,0.0,37.0,46.58
2024-10-20T14:54:10.863000,2024,RUS,36,8,18.017,Green,,91.536,MAINTAIN,Hard,5,6.1,90.1,93.48,94.75,236.6,Inactive,Clear,0.0,33.4,44.83
2024-10-20T14:55:43.648000,2024,RUS,37,8,18.375,Green,,91.805,MAINTAIN,Hard,6,8.7,83.7,93.49,92.25,227.0,Inactive,Clear,0.0,38.0,42.95
2024-10-20T14:57:16.298000,2024,RUS,38,8,20.89,Green,,91.546,MAINTAIN,Hard,7,11.09,82.2,92.02,94.3,226.9,Inactive,Clear,0.0,34.0,41.2
2024-10-20T14:58:46.572000,2024,RUS,39,8,20.904,Green,,91.857,MAINTAIN,Hard,8,13.97,86.5,92.02,93.87,234.4,Inactive,Clear,0.0,34.8,39.36
2024-10-20T15:00:22.123000,2024,RUS,40,8,20.686,Green,,92.449,MAINTAIN,Hard,9,17.28,90.3,91.88,87.04,228.9,Inactive,Clear,0.0,35.0,37.49
2024-10-20T15:01:52.582000,2024,RUS,41,8,19.742,Green,,91.768,PUSH,Hard,10,21.34,82.9,90.51,91.3,214.6,Inactive,Clear,0.0,36.5,35.73
2024-10-20T15:03:24.822000,2024,RUS,42,8,18.954,Green,,91.731,MAINTAIN,Hard,11,25.68,85.6,89.12,86.43,210.2,Inactive,Clear,0.0,36.1,33.84
2024-10-20T15:04:59.889000,2024,RUS,43,8,19.717,Green,,91.772,MAINTAIN,Hard,12,30.34,85.5,88.11,88.52,217.3,Inactive,Clear,0.0,35.9,31.98
2024-10-20T15:06:31.286000,2024,RUS,44,8,20.677,Green,,92.479,MAINTAIN,Hard,13,36.03,93.2,86.36,87.84,212.4,Inactive,Clear,0.0,37.7,30.12
2024-10-20T15:08:04.617000,2024,RUS,45,8,18.953,Green,,91.748,PUSH,Hard,14,42.05,86.5,86.71,82.18,210.4,Inactive,Clear,0.0,37.5,28.34
2024-10-20T15:09:36.886000,2024,RUS,46,8,19.32,Green,,92.477,MAINTAIN,Hard,15,48.04,90.4,83.85,81.66,194.4,Inactive,Clear,0.0,36.6,26.6
2024-10-20T15:11:11.670000,2024,RUS,47,8,22.293,Green,,93.191,MAINTAIN,Hard,16,54.59,87.8,82.11,79.48,175.5,Inactive,Clear,0.0,37.0,24.73
2024-10-20T15:12:41.739000,2024,RUS,48,8,23.895,Green,,93.731,MAINTAIN,Hard,17,60.16,85.8,81.69,86.79,189.5,Inactive,Clear,0.0,34.6,22.95
2024-10-20T15:14:17.486000,2024,RUS,49,8,23.956,Green,,94.594,CONSERVE,Hard,18,66.35,86.5,81.97,81.63,182.8,Inactive,Clear,0.0,35.3,21.07
2024-10-20T15:15:49.779000,2024,RUS,50,8,24.164,Green,,94.509,CONSERVE,Hard,19,72.21,90.1,80.18,79.96,169.1,Inactive,Clear,0.0,34.5,19.33
2024-10-20T15:17:21.941000,2024,RUS,51,10,26.163,Green,,118.528,CONSERVE,Soft,0,0.0,55.0,95.12,97.83,253.2,Inactive,Clear,0.0,36.9,17.55
2024-10-20T15:18:52.896000,2024,RUS,52,10,26.551,Green,,91.519,PUSH,Soft,1,0.43,69.0,94.76,93.0,242.6,Inactive,Clear,0.0,37.9,15.71
2024-10-20T15:20:27.774000,2024,RUS,53,10,25.995,Green,,90.33,PUSH,Soft,2,0.9,97.9,94.33,96.63,263.6,Inactive,Clear,0.0,35.9,14.0
2024-10-20T15:21:59.122000,2024,RUS,54,10,25.67,Green,,89.266,PUSH,Soft,3,1.67,95.0,96.09,93.25,259.0,Inactive,Clear,0.0,38.3,12.24
2024-10-20T15:23:31.500000,2024,RUS,55,10,23.476,Green,,90.492,CONSERVE,Soft,4,2.42,88.2,94.36,97.86,264.8,Inactive,Clear,0.0,35.9,10.35
2024-10-20T15:25:04.348000,2024,RUS,56,10,26.725,Green,,89.866,PUSH,Soft,5,3.64,92.8,93.43,94.15,264.7,Inactive,Clear,0.0,38.8,9.0
